{"train/epoch_loss":0.40029274099924284,"val/epoch_loss":0.5290201502426973,"epoch":20,"_wandb":{"runtime":7776},"_runtime":7776,"_timestamp":1.7777290286832948e+09,"_step":41699,"train/batch_loss":0.4499821960926056}