{
  "scores": {
    "Cox PH": {
      "val_cindex": 0.7555621363218559,
      "test_cindex": 0.6007045628318022,
      "test_ci_low": 0.5654778657064147,
      "test_ci_high": 0.6342509005856591,
      "mean_time_auc": 0.6143684717161442,
      "logrank_p": 1.9397136002863564e-07,
      "logrank_chi2": 30.911110634999297
    },
    "RSF": {
      "val_cindex": 0.7851536813932651,
      "test_cindex": 0.741478221035312,
      "test_ci_low": 0.7175722005326252,
      "test_ci_high": 0.7654965333871077,
      "mean_time_auc": 0.772578625026112,
      "logrank_p": 2.4762581177863e-40,
      "logrank_chi2": 182.3933102449572
    },
    "Autoencoder": {
      "val_cindex": 0.8074853972074924,
      "test_cindex": 0.7876048667578543,
      "test_ci_low": 0.764312550854811,
      "test_ci_high": 0.8103952492300744,
      "mean_time_auc": 0.8155093917063037,
      "logrank_p": 1.4692739096643506e-68,
      "logrank_chi2": 312.3820359676727
    },
    "Transformer": {
      "val_cindex": 0.8169488527338657,
      "test_cindex": 0.8053074857178518,
      "test_ci_low": 0.7836093467975532,
      "test_ci_high": 0.8266771383856656,
      "mean_time_auc": 0.8375606474250925,
      "logrank_p": 1.8563961517307578e-71,
      "logrank_chi2": 325.7298090943373
    },
    "Ensemble": {
      "val_cindex": 0.8146377853745198,
      "test_cindex": 0.7950010265312137,
      "test_ci_low": 0.7740562625150542,
      "test_ci_high": 0.8175114667026006,
      "mean_time_auc": 0.8250769298451638,
      "logrank_p": 3.757732808524018e-67,
      "logrank_chi2": 305.8987708630381
    }
  },
  "auc_per_time": {
    "Cox PH": {
      "6.0": 0.5938268887230869,
      "12.0": 0.6053874325856409,
      "24.0": 0.6144816578043211,
      "36.0": 0.6166671321908059,
      "60.0": 0.6251259357378138
    },
    "RSF": {
      "6.0": 0.7666422794635368,
      "12.0": 0.7621130798155031,
      "24.0": 0.7687218530301958,
      "36.0": 0.7745036454189047,
      "60.0": 0.7831166090566478
    },
    "Autoencoder": {
      "6.0": 0.7889306056699408,
      "12.0": 0.8136982817314686,
      "24.0": 0.8144148424570397,
      "36.0": 0.8178178387394776,
      "60.0": 0.8257878727295848
    },
    "Transformer": {
      "6.0": 0.8316786220380776,
      "12.0": 0.8355058098379435,
      "24.0": 0.839125190686397,
      "36.0": 0.8341453976674325,
      "60.0": 0.8417664053318135
    },
    "Ensemble": {
      "6.0": 0.814358986231565,
      "12.0": 0.8219132311279622,
      "24.0": 0.8257862919156922,
      "36.0": 0.8255638992215949,
      "60.0": 0.829702234905286
    }
  },
  "ablation": {
    "clinical": {
      "cox": {
        "val_cindex": 0.7914097924366483,
        "test_cindex": 0.778863428625461,
        "n_features": 60
      },
      "rsf": {
        "val_cindex": 0.7782473437902565,
        "test_cindex": 0.7766322888680539
      }
    },
    "clinical + pathology_struct + mutation": {
      "cox": {
        "val_cindex": 0.7555621363218559,
        "test_cindex": 0.7236344438490875,
        "n_features": 1415
      },
      "rsf": {
        "val_cindex": 0.7956554675813591,
        "test_cindex": 0.7807450186333447
      }
    },
    "clinical + expression + mutation + pathology_struct + pathology_embed": {
      "cox": null,
      "rsf": {
        "val_cindex": 0.7851536813932651,
        "test_cindex": 0.7687731931958747
      }
    },
    "clinical + mutation": {
      "cox": {
        "val_cindex": 0.7454781802728283,
        "test_cindex": 0.7234374507517256,
        "n_features": 1064
      },
      "rsf": {
        "val_cindex": 0.7848998850225533,
        "test_cindex": 0.7653537971841196
      }
    },
    "clinical + pathology_struct": {
      "cox": {
        "val_cindex": 0.7842025713703334,
        "test_cindex": 0.7657830869606329,
        "n_features": 411
      },
      "rsf": {
        "val_cindex": 0.7933751456445082,
        "test_cindex": 0.7844244148026757
      }
    }
  },
  "test_n": 1266,
  "test_event_rate": 0.27567140600315954
}